key,key:member,key:project
memberProject-01,member-01,project-01
memberProject-02,member-02,project-02
memberProject-03,member-03,project-01
memberProject-04,member-04,project-02
memberProject-05,member-05,project-01
memberProject-06,member-06,project-02
memberProject-46,member-01,project-46
memberProject-47,member-03,project-46
memberProject-48,member-05,project-46
memberProject-10,member-01,project-09
memberProject-11,member-04,project-09
memberProject-12,member-05,project-09
memberProject-49,member-01,project-45
